aacfe96d9a1c4ebf04b92c3a4303021d6a293e1d2c43f1a8a8985cda397954d5,6,732d5f1f8850de9596dbdf4eed0db986e4081bd5a10a8e04c5f4aa6a51d5b2d7,54285dd28579b0dc198f76f895004ece6dea0cc7be8fed29b3dea04b41e30486
93cbff1b9694a456fb532425c24ef7fbccb50a4a09811cf323a4dd1c656c9b3e,6,5272cc1850ff259c3a1d0833a831163a965687ac5476ad0671e4e9605abdb75d,3c2df50b2cdd354f9332eeb3cc78ae548915efdfad91b9ab72a188b05f821e6a
11f9b0f7ebdd32657036f4de976e134b9f69641d15b72d003911bf36e5f49ed0,6,0f035bec59af2fec7db6e5364d9e540aa36b172beadfc65edd5d326856a67da9,0d45e9f1c19b7d4b493e4471c8fee925bec9aecc05184abf811980d4aca56741
5208884442bbf5e219b4f77bea28b01c5ca59244fdad8871e9d5ef1fe97788be,6,65ecce13e5fac6bfcdd42da4fb7d0038d7dec1c13ddf17419f0c9cd4398a4030,48e1c73c8bfa3688777b1fb8acd05d7e9e6635e6ed353d351f536a08646bcede
3a23b408ce8faaa5fbdcc8d55b9cbb4e542929ff64d65bd130ad3691f65017ac,6,200bf27995a9760c0f31adad2b8636613da1bad507e1bd1b6379420b580cd38a,53aa3f61a04662db88ed72fb016cae466365beef19aa473dd5b097ee528103c4
509263b4b79bdcc774447a284c8707d6a4df713636c25c0cef2b0ac3deb25630,6,0db6eba0c2f9dd0e772fe68b38f6120dfded6cbad57e33d74b2daa4370d66e89,89b31f1eeb7ec1adaae18b5354c12dcc58e833fb749fdb7dd099cc2849b7ec90
ac5b0dcfd66893a63f60e7379474ec19122f35b8e6ebb291adbe7a27a552d275,6,91adb1e0eb2741cde279efced5244f335050e1ee6176da309c883ebde2e5d59c,4d3ff389a133903188bdb797b8e735f28db28f47bf9c95454bd7ab0524ea446e
5740f950a002d998046564a625f2a4f58591149a8586b24a840b4c7b4a2b77c4,6,1777dedfeabc46ab08b4bd6ee077ddef404cd35f70dd986373e413e2f76dccc8,c918f07bda3849609819bb4b9db10d25c714df5b55bb670179ee3b31783cde4d
997bd796505f18e44abca4851d3e28c419dfd52f42664c62beaace3b577550ac,6,a4449ea68d18394891a85f3a7de3986d2068ec1f3df974bef4be1509ff059866,2c58a9bdaefd737d9bde05eb947915724e15e1aefa23a3b127ea0e5eece110cf
af8c41e4a6359e5d7649a73f4d1df8f2313d88b7ad7c4f05c014d9f8d2789ca1,6,22e3ba9a9a7b061bf0bc4a6e39fb286c3a27f6cb6a5e2775c60d263af56a0974,0d7b3fd3657866cf4976d61a485cadab029f9545c075e1e32adc55b64cc0014c
c965f2bfe122cce77ee4d6516b50c4f5849a38107367f5fe24412669bf0a0f22,6,0dce4d1e569d8ac5d35bf56f5231645767f4888010426e34348279fa54dc6921,f3248c38c8ab31ef93ed60ea54f5a337c478b6b52a259b24f64db38c34cf1307
a261f40eda0934460ec3f4e13b800c20fcd7fd2833551ca27501a48075a31dd1,6,5a4b900bdac81dd1569476c628f758f3b523447632da7faa797bf60af1983956,d51b6fba05d42d746cae3e772838777e01b3af6b98df2b824f6aab73683755d0
4c5efd142a829c6474011966a6b07caec535fddc84a920ab20a768b015e1c249,6,fee252e4a2ea41f50284f86857f755b1f2834e1f91fed891ba3e630b6d91f1e7,1024797b83b03af58f20059bed5b0e8c004cb8e42d54d061b0265410f01b35aa
90c6496ee0489d70e22d691f02a1e0a46899ca2f57124071407aeb37a4939b95,6,ee3af5c406ccf048b4492e6b1e940813506917a94dc8e6a15e4ab2796310fbc7,e0340a6d2c85a502e28ff725b07123b572249a4870a9431c01a8a22e81577d97
fc6a9d3c1f04037a70053cff5ccce2eb8343845e7f278c43feef98a729a37d7d,6,0bfe7bd9c937f83f5f80e8c5be515b404b58568a744990db74a658c836c06a60,e57c7ab0a64aa38fe914d21ff792e60f7256f151d02d286a17b5b442d03182a5
a4d27f33a235cb9d12f08e21025f782f94886c33460b16dcf363d9848f3909df,6,8775c44e7897f92cacc88166570eafc71eff9ef61b969ddb2c8a990b005ea76c,60f1bc42417f29a949d563b93450b79dc1e24ed174ecfd719970994c9c12fecb
013fe21d5c3e084183e98ae9dca60835210ca9813eb5d3a117a0a2df73ff3ad1,6,eb178521388f6555d1bb21ab03a80d9aa08b4f1b123f586d4b6cd037f35c6321,0d92964dbb70bb356408a70b8583182d729cc5af71d9dc7c32d70582d72119e1
3d7778435b3e31ea4abb9bcde72bcb296c7dfa05258f7cfc8a3340620d4fb718,6,374b031ae8a89c1afe6dae2beea04b693e93d968eddaf0eaaae8afcbd6b32340,8e726314c9a9e915c340be14e5eb1e19c07e53932b8693057ac1e01f8f6e7f22
88f36dfca493a5e29bbfa220cf31287f01161d56aa8d58ee97f9c658fccc6b79,6,3791d4362183da412158be1fdce0d2066a20d3fc7f9fae290af483017f8b678b,b7066215dd8a0417b14da587072ad108186e00326f94fad26497989694569fdd
c3050267acab7d8dd409509d00c8218513034756c1b8b610d40af02c7a2ff078,6,dc350cf0080e84a5a64ed02053d64048532c8c323adfb6ce654dc5b0988de478,fc78693c7e3b8dac64be6dd4551aa49b8232d1caae63bd8a9f7cbb81e287b2e6
7185c04861696ac9cd9241eab309dd0aebc81ce42b29bfcf7982419eb6a30970,6,8043ad3498b58828c6b047df81be4dc8e546d93611867f2ffc4c9dab973cd8fc,94deef841e7e50943f8a9ef59d79d822129b887670fc994c634a205a7da683a8
51ca0794d96203858deda69e380cc3691cf5b30d40b2c9524e2a85e6703e6646,6,9bbc57bb24c8499c24b77f94a052b75b701a32dac728f91241674ae601a16556,17ad5fe802e470fcb91a96392ae94c3da68082aded13aedaab6a00db99afef41
2ae109c361a9e732c4287cc3af2a161e8cdb8060f3b59528609ba63267177b24,6,397a4aff8bab056dd0aa93a4bef0f1937820c1a6c19a17c56e74de567ef640c3,bb87ec7533c1deebb25e2a7816ef73f2000f0606599a0de983690e2ba29af2b0
c6f011902aaa981bd9eb57dd3e0db9fabadc7428f6f398206d64aa72f1c3bc82,6,d650e5c9d44d3fdd0fc58ab4a541ac3263fa819cbd06952b0cb27a597c5f4309,ed56acd182e6545603d7c5d29a261f3e0981eae7d4000e9e2a88599fe5fbc29f
f110b19e71fafbd1d94d63d22dc41416883f6146cc769df048390855edfc21cc,6,556e021383007685f371c2443fa61c3851c2f3ff7771afa0c2ecaaf87a210e9f,8100d88e772c4909939f35636bc38c26724e998e859aee43250883fd5c792b6c
c6e73dce2535ba37c972ba22cb78c29e7678f1c34eb8b6c03bced01e7de39d51,6,5e5d9e26a2518abd48ba66f972ab7333b76b5b042e613a70e8e20bcf72a743d0,450715644a4bad78bafa091876efba1fb1be24d6b4ccda986dd1033827a3311d
c57e29f28fa5e7e996e400314015e6cff31d17ecff53d14e486b613d75db4965,6,25c9c3ed6b53dd49a7a9b90662ad5f5e20cde7906d65f3075dbb0df9804315f1,3e3183ba2d67900cdc0b1ba2756ed0fa2aa5e935b7e6d6c013466fe4648514b8
b674523f3fdbe2299512d37985d142c87ab175280d07993af9483ebf3ca3dc0c,6,de7540bee91dfacc4514293aec3a4a845c2f2c43c83041fcd763e157061013d1,580b3b4e2a6066d272f397fc27b51b89fc627ccb208f63b52f32f7142a7f9ece
ae83feee6ac4cbb72ece31c51b8e3ab26ae5cb9577ff82dbc61873c414d157e2,6,ee38c88e0dafafb015eecd7506f709a6f70d83559db9a50b914939987c0bfc80,d11258fc580bbf60cb538f4ee4a1e05e5a99467e76c518ba3a8b34f731492405
6c774242545b5713466c1ada7c8d0161aeaa3231876d896145664ed5ef77d758,6,1aa624b649a9f64cae2222cf48962f9ceeed15e44803d98aff983e789d4c8253,f45f5cd44a12974daaeb996f8d9f191db5f35342918370d660b184e07597cff8
e52de8980a6af232062de9978c66cb56884e401bf08c4f33debc7829cf387c92,6,eb1fcd81ecc78a1d9b3f788f903297697f46bf511ea0d8ec6fc3d6474d80b06c,b93dce2b400eb8382a70155055e16f20d303135030da35d90cc42458a5c03b26
1bdba76352a1cbea9f939034942d16fbc8df6e5e9e51f1145c41bf7c0fea2ae4,6,43d368fd1cbfa4adb8cee2a1711d7ebde39b4e210c045449f2b82ed6a3e0356f,ffd7233f6859e646948355a1016d991430fc80b890ce65a18efe8af0d35f2a97
4949b1bb958ed069f98ea7b521940372a6c810e2bf6a0439db4859035bf18795,6,3314618eaeae1d5ecabdb59376365c31d1b273f645132c54c0695634bd53d626,89a2d4b50f9289387b5af86b2626acc6e8c8687798760ca11a02994b2cc1bb5b
0094f31040b927dedb14324cd7ed65b18316fa91627c6609e285b80add9c3c8d,6,39150b935bc7e814315a732bb8a12afedb2395f434523b8348addaed7e014bbd,f32a0d1699eaac33b13e65a27057f76d66da6c8b62aa8f218e4afec6aa21b297
50ca6607f5c6332fbafa391f7074e31935602c5f2e6ae68497a3922767bc29cf,6,f851d4ed942466bbd18789a52711acd1df347a09c527eadaa5eb4023302e48d8,c610afb23064cd50885a209a609f362a8af2a48004cb1cba8ef0546803c55d93
d1907291312fb23265570fba1003b53275b9f9bf2e1e00ac0d17b3a543f2da1c,6,67177166626f1160e1f6bc0fa11086098b92fcd0d731df8b84e2201eec43450c,2cc7ef283fdb31d2d171e57bd9d08b524c3257588770aa27a3fe95bfd6a6d433
6637f7a59ad183f4b22548211f4bd46815e7c50f09de634b4b70a72956571682,6,cee35f4aa68dceefc9dc23ef8e521a062d1fd6033372802ae97d659c082f5672,a0555ddc962f04beebe2c85a0eaf3a88b6b2c67aaed76db7e88cf98b8a2bf07c
205f30c72f630b2e08be0c63fcbb40ad9e3b177719975789c54f372ef5ea7b8d,6,fd747308b88a345bf3cf7670829dc3bf1887503c9a7bc149ed27434a2b415830,c7392d391fb6c87cf7c5412445b262cf48ebcc7c243380066298cd962f0725c7
7fb7928ec44f26e5dbd8b0c03b368c96488b0b5bed45ed9bcd70abc45b35a3aa,6,0c1f446a2db76c1e72bc396335648b8e18376bbb6acc89923ff6246559dbcdd0,9eada9255000ce83e460e3c024a78ba9cfb46350a447c50613ee4e28e24a1ff9
2cbc8406191b457a158e2912e497e274e7affc12b6363b4dca7f6b72566de15f,6,78e1a6d709614af2ef2b887da4db460efda6822b13dd675db602798e95fdcb16,3f40b09b6b0c868b991d837d19baecc8fed1c9dbd4aadd2c5175c47eb0906027
d0734a5759c666080eacb56466d72685db7c6008e38014cea733e0c6b124e0ba,6,9a67f69b1ba0ae140a9c3ab475048e21781ae263dd27b01f0a2e2a0f575a890f,0163eac3a7dbce3c3b03a89fd4938079fa0f41a3bdb353c572c3051cf8f4e1a9
a31d0c0c99999e510d194a1363cba327e6938915b602ad394290330b53dc879c,6,0efdfe6ccf9b64cf6d81a59a2283e41196e557220a619166dfa6343c916a14e6,dd14563778847210e66848f0f2115a099cdd0c2b54c8d97b0cf1050048cd0ba3
3f0bd6b41b64adfdebdde4ffe46f84476556db51ce91666633087dcc24e04161,6,dd6a3cef1d765323805d0c721a0c8449d6657b4c8ef3a23c42a08e5509ebca6c,7fb9ec3732d65c0e2c26dda7deb944aa5afa9a3545f65af1f06541f981fb75fd
a3b9f7dab3c44b6aa72b49f3144590fd9bc4faa27c2d1e04ea2c198fe3fcacb6,6,4ad1b552cdd616d01955d3be64146b0ced0d24512c1d9fa0d4edbc03ee345895,6f662c0f5f5a03ea57fc2912ad9b9bc40258bf407a19ae57c98636c590ad86c2
8dff1419e2b8fe24ca724ab9afa5b86b6b8a51c81e01313c0ec57e8890a35174,6,23129429c1be8cec26252f88581b7958e48bfb534c07ab7baa2d54e93a98304f,8266013a3e8038245a6b2c5849ce404faa07e3d6846dc081f866496ca7dfb006
24a01d20325708921a1ab0bf3aeb4cfdcfa31d0869eaf8aa3c7156a4ad54bf4a,6,a262092047cb33dfb320883c8d0203593ee369893c8a31e4d0bab3862c0e83bf,0882cc6542ab31e291d6153936b62564817a061b1fcc967f5cab5d568c616a44
4d002ec6ab54fab106d20bb5ff85dae2b7dc673836a0ba20f7b25263a8656ca6,6,e36073bf6b6e8d9703eb29689cdea9e067520180a0472d4c4fc5ad2cf4bb7348,450b7e1c0dc7cffcb2d3f886520fef077e2b9bc9e3edee1bcf90456bcf758277
33fa74f0faf05acaed4b840f0862de26353e8e38aa581e23d67a50f478a18567,6,133317b3d6128495495453ea593d687f1af6f40a97a551ba2fa494b21955e82e,69cfd4494a3606eefafbd89b11ca5f39f6e588ad298019e472dc0bcfc61c6bf3
790d67ae4fee90b203601701897f70c13a418da4a8b9f7cb6a948f6b31d720df,6,f8e7dd70aa85b34364650b54e3ddd5e09491ab89b2214423c95eacfaab6b4456,6b61eba5611d7ab65e337e19224a70863bb763ba202ff046635c316693038602
d8ebdc14803b2c09862021f8f2af450cdee4eca272445b4e2b2342de6493d626,6,bf38357df925a73549769413bef6f4459d8a917141d8d6dfa6267e05fea6ee40,f2c590e4de9c233e8acbf18b5cb73a6762a3c7e6d1d134c244f0267a329ec08d
48278b92850f64a55f9866051040d83caecd23ab68e63c787698e401a9b8ca9f,6,94832fc07d73b292de5b4032af0987f97461353626651253d05ecd80e0e8693d,1a54930d487f6c2a2234a785dc57b08cda8aca8b7f71cfa82551b816e3090b47
7bf71482dcaac1a3251030e2d783416f3829aa61101cc4a9005a9d3c85709adb,6,dac2b79d9446e9323babaa98ecbae2da35c858283d047d00dc5718673fff218e,39562a6b5b661cf48467acfb87dfac31b01114744e499bc7b0b66932bcc086ed
a3d78cf093cda49549434599bd259703c25e5b725d852c89db818f6d1f5667a7,6,30c88841b5d11d05d2ab2dfa6d7562286def5bfd7ebb2787ff55c67e4dac218a,c18c78c75609b3c490210a621eda1009052fa57776aa33273728bcaa6d1d1e7d
15d71dfd5d2f4888ce0d33dd10820866d4cee924d1c6a15f8070b36e80e9b8f7,6,796cf8bcd0d337fb7c46ec5ad5ef359b0b30d90915d473f2c8a45955006b61df,6eb327bf3d8c69c069567db3b714f12626111e6621a7246ea7ee7ac0e7b770d5
f4756a1350c9d399f5ec7deca6873a3598c2a5ba5816d4d091715e713e29a5be,6,175e7afb31e3cf9ea8aaf57d9164c602cb4eeea78108e8233a0fcc1fad3bf415,10f90d4552e500ff72308940ee91fd4b055661ffc941831e0b4cad4f08474365
26b0a516c32d4f5c6dc3a0f127a51319685605c6452e282b5c7307550e6e1d57,6,c02e75d0ae9f0bd58ec2b64941c8c9bef6508283e03f0cec9a152252589b1c19,0aba3ffd8c0f555767a1509743f53932de8cd43678f17858cf72fb501e932a83
ef8450a101be1c317dc34fc9f0fbd439ab1b37d3b798ad75e91f0e8ac2b87bfd,6,4caf952e04e25a06fc726b910c11cd3f1b688c683aa72fb3ebeda78741636634,698a44f230ce0fa3b999bb8ee7bd1a04537ea1bd179f8a97ef5257669023b67a
45919430cb9f06f259029ad71f94ca78a412acd8a1e8195aecd292cdceb3f21e,6,88e932cf8ba5403827af2418e8d57349c9fba01599707f7841ad8f14ca6a1e5d,2d28211dd1d4fb4e92576eba117ab6af04f08c1560a457571ac929481df6aecd
e3586880318478b3c55965b697618936af382017af4ad221e1c6752afd12ba1e,6,13158f04adabea9e71fa36fd2642e80bb0bbfd8bc1814897f6b96f77c8c39ad1,9c79abe00da91ab40bfbe7095c8f765cf154acecc0f423395e77edf2c6890a05
785922841345a10cede09c12990b8c703539dcc50aa1e4fc5d74e82999d89e37,6,fc5829b3c1df3259dd7dc66ea49caa0e82652be34d4c2535033d8d6ed4ea13fd,5710e4398b43f18098f079fe7b2de837564fb914ece72d050e9db0e37e4418cb
cfe7fd1f2051a2a8a9e8c48a2f55498298d3c9010b71f8e620a46b877c939757,6,e3bf9968f2d730a94f7add2c73bff6c6f1369930a3f3bf43952ef48d2e110d56,a6dd809b63d35b53ab25a6c45af9627c4af07b41c2a2a29ae250b8a1cbd672b9
478746363ae03e095e1b451e7a22011a1dbf704acc6de371180314fbf1447ff9,6,823dba0d5093659399cfeb71b2a8e56f07e6d13c5b1211c139732aa074c5aae3,88b80a89e7cd4e0f5957ee1ac069da0a04512b48c0cc3d7cdaf58ecbb2231a63
143d56db9ce2b88d999fbbf30a44d6f5ee1b9c3ff4abf05c5fec845f150c7711,6,e3fd1b11dc10b9739920af1694d8e7468a185445574307505026a8d3ca005589,a9c36a249d419e9d4af2f8eefb34e973286fda51b75dea7a9b0d5a302587e365
fb0b396eae6bd70b61f717c247f21598811157bdbff66408d27c463903cc7c7f,6,9eab565f4b120a99b62d2f8563ffad32750b575c822c7d116ae2124ed763ea9c,6f1692f107a2003b15b681d6eeb1c1c7af3fb21f99ba08410b8a82a99c05c07d
1590dcd43ae92cd2c9908a76c3f438fb8e2416e392221dd7eb11354f4506f016,6,223a9a098d2b36d5e50fc25f5583492155768672ab2bba850922092bb8da666e,35fffb174c453b0f6ad3becb07afdac95d18251f0ba5724add0df7c3eef3dd6c
75b505c00f70635712837ac17b90d0c4132b9827cb86614c5b27a0c71e3d4c3a,6,f77456753a90d4aebfd762366f42c1489ea2723c987bcf4d1299d6460cb5bc82,4196601a4fe711ae2620b23634355acfc916b6763d5e1e7eafc01c820fcc79d8
80487fff6accbe83d70e4604fd36e18b6fed9c88dece34ccf1fd6299c9644b8c,6,f5de1740f0190bb53010f7f115bd8ce444563cc8f04f980bfa0929028092fb76,9ab19585b39676c27e886608c513dd9227f6c913a950cb205c3f687e2bca7e54
9d62b359d3c51346cd40937c1e44ca6e366384d2d8c0ed9dddfb5d6a65138194,6,1339d446e0f1b7106db1762b49a5b69c6d5dc0a1ac6b939c1b144833cde562ee,0cc8293a46b8921f8926c70743ab197237f741d877b63732f35ea04c87cb36d0
dd6ac3634f9c73f8e6371cb81734894450feb4656ccafaf84b0f8dd355f6e9be,6,5fca98582f4ce0d1905043345ef778404cf2f69f285f416a4e7eac5d19a22d09,bb8e72011830319d411103c4836014ba4d47101d206dfb5466b4ac67ee7adfb8
0c344412f8a0a2a869a4de45128903783251d953a296d3696c5a5c2a37f18f6e,6,120d4d0c2de4737920771053c2a399b13a217fdb43e6b8d9e4c7bd4f19b4ac27,e7bcf3e093cbda516b9eb4332061a88084ee3fe3648005ca3605827650d8c23f
b421dbcdc7873acabcbd56f48910be46188188d323960e22a1dc3b934fbf617f,6,0e7df13ae257a4988fd5ddb287fc7209b3f63916769a2aaa9c6773cba390c947,cc951eddb391ba12d079453bf65d44321e5f4932704c1b243367a50a12ef2c32
ca847990acc4a422fcb4150c570206a61a40d1ea90fc3cac9106c7914c4b7cf6,6,97ed8e5cdd65a496bfaf8829f2feefb1cddda5b1be78ae5b1d088b8be96216b1,5487374ec6f6bd8258ff1657f0db82749c118af4577db62bd17822edbbb5e7c5
a3bb5053121dbd83e9c06dc38383e1de3ace57ed811726eb6b25e31e80659037,6,fbce0fc16cf0456b7aa8a74375f58a9827adda54021497b479674638d87fafd4,13c03839fce4f6804de28bc4c22836ea2935673aa0b91dff57d48a4e2f40d365
9bed63792389f0bc0588584006724e04bfea65cc4edbc05f4d4c7d38ddfa358c,6,7ebc3cda2336db2946e10fd89f95676514fa47f4253a4c5829432c26131dd4ba,62fab5716666a74c6cea16e2b1604c47374ea437a9785c82d761d7a4ef72479c
dfd3a8aa6fcc834d34a09321e461d011dd351ff0e6ced69df0696971c299ef5f,6,e708f298c13b54b52ce14045b492b5fbb9c663fd10f675442f4284a6033f0de8,c043b7dc231ab7d856c029409ca2c11ac2cc57e9e26aabd10eabeb9a3a59b6a1
b74d41fc31c79d522f726467ffb8743d5f1ad15c3f8605db4d16d70fa0894c3c,6,e6f5a7714cc8db41ccf260441a342d1f03027ed590e6dddfb7904e7e15e02d6d,18cab1302a508e322ca27d0807e6c20b8930b25fc35401d4c9c8d57cd1cce986
f61bdf11e0d133e5a4a06de19c5f6aebf8dff24d440aa0b84b0644bff75a4df0,6,f7da087e96754d07486347f5c83e1d8ab6bbf44082c787abb53910e3db157349,b580ca3201ae8b2ec5a2cddb0d42c37c37a741d56a3019e1ab9b49e5737334f1
e46fba105e98c576dc965e693decb499a867e9c7743d5f17742c6d852e9a2088,6,d82cb6f07d8a6f5254704d9a3c05e5da04d21c3350bd9382673c579d04adcb25,45cc558a76ebab4ea4e75a85fabd1591472f05b63b6c2a5babbbdec5e72fe7c2
ff7bcad60340fc2348338a980a026cdc401f203008131232215a4813b30512c1,6,bafe3f51975845ce87821b4c4204ec2ad90b7d91d488da9bdfed613447c6d336,422a8805bf439a01dfa13c11d41cb5b4222413cd909d388d62ac6d2b247b9285
615dafc02622b0303f6f403482d9fd864611cd358b2ce4b1ab1c3d51a890c190,6,7e4c6bc570131efc7e055373388c92b3c6a4dbae364016741681738296b3141e,e5f53a7c553ade5ac531ce583585ad32d8c24067f97c939161919a22d559725a
834b14748b98e5f4d2d0fedc173e67e665a1eafd7b09f3f4548c50458e130e41,6,7e97980e589226f2273cca6bd2779be783bd029601e60380a5b899613dd3aa18,1b3e23e221bd4a111b5e3e82844803c1e1be45ac52cde5dfc648ee6d0572e7b3
33d0e74b7371783c2c23389af22158ed3e3ede7f426fbc54d7dfde607e7330a6,6,a097ea41b1202c84f7e10d3d645392696fb08c612e4dafb4562f4dcd8db821c8,d57b700c1d8e5db5dc1f4a985fb657e51edc067d1d13070a2589f306effd9086
999be952b3f444ffbacda114ccf95b133f6d0db2ad5a7dca8562a4aae12f30fd,6,65e8409a7d79d1c2e632118c244374468fa13737f26128063347c4d7bc8a9a1f,1340f8ee39f6373cb19d75f337ef2f6be3165505624b92782a4083a35056ae80
245683591ef0c37bb94d3ac7cb6a4497b67f7ea218be01ba0286072728a99c30,6,38604ed3148a5244a485c43758f05b4d7f2fa785c4a9a054a35b8a6421be5eec,a5faa5bb7ba5f9afa5db179c94ef75ed1e1fdc16fa7ac6fc128e17726a97bea1
bba86a3308056832a850ea81e4d0022c191090c4a52de8a165b5a243a756c79b,6,1489b3965148252d4c5994b69bdd6e50f5f087592db6490ef9f837cff24ec75e,78e8b884e9f560dbf1751d9ebd2bf3a9d4f29d9bfa33a307f75196791ab5d359
9355a950a6bbae431bafd2b31693ebf728672149ba0f5cbfe3bf7ca6cda57db3,6,aa858a0df7ef7ac51979e840f02f09efb77f1a1f574a9fdedd5c84ede3c35d03,733ca8d1a2bc1dc77485dd42f10ab1a0d3eb03dd33dab6e1d48b8012abd38405
b4c6c9bdb579c44559b4128f6929e3700b6015a22a30e9ffe1ca83f1e6a7a428,6,b5158286de269cdeeaadb4e6f74a9c5678e70a0d546cb447075913cadf9cbb77,77045e88693824251cbc49ed1d9e3414e35cd1e826a594a40a6f489eb4fff792
017c50283bd5b551ddbf508aa8218c3aa677d550d761d331ce615617982d2e4b,6,658019189bf6ea52fe204ca5b16a9da349d282ddb8f70a85cc6fa581975b3028,f7e1fef24add86507bba698b6162645e7cb9d9a2196a82797c3229c7edfd7d42
aa64df05ea2c717711aa1ec214d385bdd685457a453d921fd7b0c89c7a45ea91,6,de0bc715862214230c3b4e88e62270215b8bbaa8c57e2ba6b58285a9548360c2,7a72f520facf5b300521e274a274b9711b9e5af464a51557e9691588d7126ca4
261fa593973732fb0eb0d97a8fa53fd622a193aded68597368bc00064c13cc80,6,116d1adcbc74e860cbba1411a32e9535aae6524680434bcd670b6899908f9f32,f4e65ffcdea1a2a57414cf8a3ab1a819ac5ec5a0005d193f92d01ec5f362d503
51d6c7f10fc3f09f4bf267c99799c518afc154c3748689c8ff46f8b666d4ab09,6,a4fe5ca9b0c2e0fc8958bb7b361e09e4e0e109f344f7ea18ad146c4ce4960472,2976cde0fe1cd3d0738eb89bd9daa1cd01215a571a63e1ffe6cec0a7501f3233
cd9f9762acdc83817856c784b76b4b0616da5b03349c6d582fafb9d0be1dcd9b,6,07ae745770362cf3449387660e7439077c6c4b5b40d9e6fc4ef2c8eec45412fb,a43ac4583916487f8b865b3a16fedbb5745740daaac5b2134bdf9b034f4d532a
f2d5d5e69b7182248abb371ad8e759a6da28a4889b12efe64c36d47e446fb1ec,6,d72a1ca9e76a942596d641b4b3ec1c5df39cbfbbec619ebda4ffd8908a8ec3ef,e8a266b33f64fbcb69ac926beb6821fa5415db8af7eebef6d165ba407cc7bdfd
cf0f5436b64336a7288f480b7660800793fff40c7b44c65a4d5e468dd499accc,6,f8ee890e30dfe3242d0b1fc1609be043d270858ef4c2d7a94cc09a4978913cb2,3ee2cc975fb9afb6ad3dc189588254dfe3b05aa15a08ef46e131eabaa4693b24
a0164a3ea27a58186852bf247a02fdf9b80c0a92cd7129d2d4d7d8c66c75a595,6,c3946b4e6c60c090a16210b4f8eefaa0ec92a6465e8a889cd6928c8efccfac63,9bd58cece2c08a0d50f9cd6d5df7ca30c8c2a89e382d6963e157864f90ba673a
dfa9e75016cffe2f9076607b780cd3d84d43204bcbacbb3c266f028eabc5b59d,6,fc774617e4c933a000977f6fa83a5759267e7ad6fc9b1da37631ad6dc3ece359,ef2f1b943e3d50226829c3e9670fe697bb0d4a47a051266d86b51f911434526e
122fdea45930c0ca7176c567de7b7b59181ad9a45b85d83c5f94aeb90b4b8a4b,6,792819cd61a942985ac6abcb028ea77769fc704850802fda3b47ddd701f7c384,009c20201faa442d44888e6f81c1b9ae4071f1d6cc697392d26f12db679f70c7
ee1c9c0c71394a41ffb493dc83a9af96c0f7cd98b58fe6f5199b1a28d77ebb60,6,16bf98c384e96782fad0ae54f1cac1dca3be6bd1749df4200b57cdf9ef27c983,9738ad37806121532e228e7f5650b88594c59fdddb2757b59c388dbb8d230bed
d094325ac62010fe47e963c30ecc5fb1c6753aa82b135d55b8e434a97791f569,6,5b3bc33575469c8c21c0c6f3974f8dc51194a35a6529fe554e19a794f9b57f60,c9f2e08e0ba143177140a531cd32e2aa77a716f3b73a0715dd6eff6216ff4bcd
60c82e05bb7d709656c3a9c378e939ca41ba3b790ae85730c377da4e51027210,6,59a952127d53258e9f30e64f259f81e4625f5d6eafc87723b96c96798715d2dd,4d2f860c3fa0dae5045bae0982c435dcc5d7687c0be6011b3b8de80ce6b59524
f0d4a180f7cb93cb645515497c5fd28436c5f9be014cc0d393f5fd2ab5cba565,6,62fed2c3f1bf99fb8b6184e3193f352c1d66445000fefdcfdcf65f1e914655fe,1208b7a72f874f6824bdcf2f9bc859573a17021b58b595c236dddaba10042bd8
b1561a13e6984e0b0bcd887bb173f563445f7f60fc1d546083e4a5d61c02173d,6,f31a5a9029d62886559361c3e8980f4697ae2c4ef33d36ecc3f4df39a6c8c20e,15c3316315bf4e555ceedffa65afb1e136c6ef1c8d77587328b1754c5a8da6e6
f8c49fc4c072a108a7c556e3fe82db5f6f6171dcb101756b8067cacd8c331b15,6,89dab30d6f325d1b3789fd3371aa87db1dcb8fa1b5d619077046e81916772fde,5df21cbe9c4b33145ca1d88682824b4955a7d5d34a8ef3fa66cc3790cd83ce95
d60aa73245e058c84474418c26cbb30a7813dc7ba6ab8dfdaf24cec83017bc36,6,41c52c0819e472aac03f58701394d44386b812487e137f21eac9d9f81d83532e,b39830b862c832978a4821a4d064bb171da0ef40b7b185b9a526b2e2463052ed
2e4336896e9f938408a21e9743b4155c14ccd73c877cde825a55ab79a3c75f1d,6,d6dd9d7436e662ed04515613e08b07b95f1fe1deca825722325426ee85e26251,cf7b936f812155beabfae94302412bba7f561a7b5e9dc25e7f4c6b5a3660f2ab
ee41d47110f588a2a1d9436833e30e1dce9391b73f2d3b4422e1b3b718efc245,6,609f352765d7c8e19d82e5e6a7beb4ff63fa79ad2975ca33ae14ef1b0664d393,2c6962c311e965501a24aae8edcfcf3232318e8d1e75bf7aea01c8054637326f
1139bd10db218c843cda50252737596dc56a7ddbea4a74dd4372b130df9c0256,6,6abd20cc6d4a87be65077dc0a1be8038edebaf1d7e17418b3379c7519bd7b6b2,1bc9fbb36c81db3e058fc6233b9864a2c75b3288ba3c317e0e8f4cbd0a1a6ea2
54bd607b8cb5568156480b6a44db4eb41520183bca8132d45725d5f3f2b61289,6,07495d1c1e2c4d363d59f88a5dfdbdb28872335f1d7cb6c0e6fe6e683ec6fdd3,ffd1831e3dbd4cb8ef4dc23d93b25cb4fbecd78e2f28574dab34a6afeca2b766
51020b2bbe5bc73a45a60300de3fefeea2ae299aac8c031d678a50d5318767a3,6,40ee3ed883af25bdf875b41c7c618919d6d8765215fcdc59e1fa4e5dfb7404f5,21585d13d0c03b0f0f87f32033733b8bf9657eed4968f731c0230dfaa17fde49
572bd90322733fe8b5fe84e2270eded92a0d0292b70566a00b0efb83b44dabc1,6,e94a3327f4313cf675350c276c1997402b7afae07b82b6203f66897479650d42,1607149fe7847feeb2138df123c9e9e8dd00b4584357ac71025260a89583c37f
fc236c34f76d30f6c02d7c65fd10916c2e2b37cf8c180643a141fbd9b495b322,6,e6689ca918d4fca0958fb7476cd5c2e929cace3deedad1c76e58525af0b50efa,71d785cbb74b41f10aef0bad17c2217e720d71cefa11e8b6b3f1ef713fe195b9
88267ba8bdcb476c438317b6f067dfba30b3e5c212874fae84944765ef7aafbb,6,c3258895e2cb9bc2539b2c72562bcdc375c3fdb8a25e348796790a879a0e634b,d10ed80d111a530301a61b43747ab606e817684dedf1d9e8a984661f2ef77dd1
c5cd97edc2106e8cddd5ebe690ec57cfd5bc25d4a69b3159a142fcc01f696e78,6,dc5d03ffc63a4aedc0783f3343b2cc7e7b2ebc070a0a2ae4e7208c7d26c6cfc0,149b86538b557030c071026063afbec386e9fc555efde956c3f82bc0fc0921db
137ac4410be2fbfba409b3b6a21b3982e6529fc379ff7c31c46619c566f43a00,6,4bbe96e9edde39f445c1904fdf66de207a1eaeb2363c47b051f6841946ecc6b5,5b299d893f4503870cc86a05fbb84a62ff2f59cc111568acce9b57aa06f8f126
f1df1e4587c8d2fd541798920e8a35db9ccd5fbcca7194d58c95161e41311a40,6,648929c172b2a49425ba2d775a94420431b4e628527b479311987ec495cf8eb0,274402ff2e5ab482454fd66993f5e93d56e499f7fdcdd3cd78cbdafbbe663402
cf1080d65f57fa637e4be2a276181cd287132cab139015b08de75905f6dcba1e,6,490b5445d82a4ce45c6815c609f0a8fcc40a32101d24c66e840c6f13e84efe0c,3a80ef32914c525dbe343d3e138f2c235946800a2816969287b16b0089dedb18
fc02f04b4428d28747e8cd03387e11c865f41c3a082fe44562438377638f77e5,6,62079943624fe593b25c24a3dca0d3a593a17596aed3633253d672813cc6c73e,5e11b53f1a46286a59a91a522f92780cb2c17d0cdd815dd71971204424881b0b
e2dae94f52ea624e149d31f2ac4d7c1e93408152952bfd8a9ec82fa745033e81,6,80e55dde0e0e5b94af6c150cde98bda9811f20841acf5a3f9a1186de2af5c06e,22d63bd8bc568baff7e665dc5a51d548e611ba5304deba145e8aa0a392943289
f1c9c45d649259366b440d316db26d3f30cc318e3cd4bdee921453897254304b,6,53919c69aa25d9f7b3edc9581bf20302b161ed08bb16375509f63740451e6eb8,d2c2c6737b65ac1926b27133dfa755c4560eee648abb7eeea6263a422bcad723
14a32eb84b96880e57d10ea17c3cc0a7f55a9458889446e50c6b8150cdda6469,6,ffc8d16826f93450c7d1ed693156b18a4f5c4b82df445720174cfee1fdef2e63,4b089c02e493d5c57a14489a64916c321acf84e55194b38f3f93b5d8b97c6010
33bb3dc4d1d00ccf067b0ca2bb016d695197c90d4d0cdd83a074e9f24ed7727f,6,12400c9d75e274750d6bc329e0bf4128f9a9b13d6c790d08c6acafb940806152,a3aec502e550333da5fbd9feaad80b25cc6bba780deb617cb8037c0df337e472
5444f4407ea01ed35096861a0333c832d814b8e8f65e883855c4621c46053657,6,cdb473c335e47f29dd10882f053d9ad3eda19515db0f12ec6e30340eb86fe7b2,4968354f5c0572eba383c2e988b8cbd79c5015a62149372c73d4f0136f60901b
f6e32c7d1bd71838883a7ff836fd215552eb4f5d48af26b109323f54a5a78ae5,6,58da9692f811e7bb8a59e18faec3e28a7a45fd4985d8fece0dbc24e3a0ad0d3f,2da0df9bdeee4c984482fe70c551a36fa29a9a38e96809dab20e978c3a90f1f3
8efcc61acd598e20ed3f7030f80fb24ee2e7aa770c32499644efd344fd017197,6,bab9bcd3027e3c2e6b49b1847dfbb6a2a79a95dcae448579cb1286cbbd9c85e9,564c6837b5a09d33f9d6fd4a8f0a727effa5a9263a7aa9ad1a873067452fa109
b997621c775042c9b74f69e3535ea0b0c0838ae0219a0364ba1a557a38d91d4d,6,6adb942354eb8cb10da378c7222aa19d2342024dc44091c0c8d27bbb634e8f80,1a85015f54761413cf974082b5775cf6823ab63f4ad6793a62454df22996debe
1ce323e1bf9624629da9a9612858b48da14c951ad88eb80d946c547c3665dd64,6,11b63ba47e53ade2672d97839cbbaf48016bcb605d732ae857f04a6e954e0906,4ee1faf011a6c6aaa46a9d996910432bda408712e69610977d63ed6f582d75b4
642ef6bf7bd4ef206833513123e57465ffd772d2e11b60feee5878430678cc22,6,9c8ba729fa70537018b8feb740c7d4de7c44376c656b4bc9f9a0154db3c0544b,40e94d60ea90afe860b48f253d03ddd6bb2b17a027fcb94d79c7010a5d43a5b1
927b2f1c1177f28071268070e5bff1ff673442c26406c0e169d7e891674829df,6,863dcc5f5db48b507f6505ab0a2c8c65637e8caea6c1241e760b1bba92ef6431,1998a7943bf0c3948497051740c90d097f51c1a0868c662fe82cb6ab9c814a24
9ed95809cb5a5e47f07c80a8e02fc4669ccbeb74d154facbdbff0e50800e45f9,6,2d23a7c93dbec7d331e32cebe72a3d4a9d4afb9c07d4ceed8e8eb81afbc5a37b,6f2dd8ff4c1ca644022e6ee8c760de9ef05c829cf211b47c354827d38826698f
6bc919e0c0847249f94f7d6a682f5956070cb82ce35d131d87703f837b44b231,6,32c5ec8eb9eb5795f0b8be9e26fea44a57e6e49d7d374918a3c42745b1b1fc75,7e07d75282cb8cfa70b83c890e2f8ba6130e751e43210d947890f2a16f785468
491b8c6c8e8240ed476ad991c8eb4f7f552486d362b01a7b10e0838d46f8cc4f,6,31098d5f7a7a0085e54c1d47aeb7559353d54863aae2f4357a8f3c27bbc252bb,6026edb0c7332063f77e881b57c5fcb2b3968d6b0141ab04fad768c4bdca108b
206209c1fdf38f28719905ad71312f130cf3021c4afbf73093d6773d404a412c,6,818de00bbfc5c0fa45dc256a21490c71eeab2fdb643ae1741a3a616c04c8ff69,3084611c1e09b9ee5d320c6f4e28a0e3fbfcefa03026ade7449c86a0c11f743a
a6228c73bb993067d773d1179cb054a7278dd34e76b4fc0ac24ee0fb267e1a49,6,f36bbddb99332983fa81c6de70c7cf036f9115a3a001885674127ca756c81ddc,15ea7f0acf5de102d746202fec35bbf377186434122ae48ae74d012cec43cdb8
b8d3cfa09fe5b7618821b10f6cb6cdcc7037081c3036c91d6847559ab0ae177c,6,387af7a563e0a6938786951e478949747275181fb75947b91d7365ea8f4cc4f1,e1b2d5e10d8ad8ca9bb5539ff17687659a7975da48dac4e575538ded58485330
80d875e06cc204db2a3c5d392a203ca9d50ea4554ccc2a0ca50a73646e1c07a9,6,b019ac47a979f5dddd97bc9adfd13efc0bdc3cd9125e1849bdd665076d1f9f4f,91f501a7a8af5131d2b2d458445dc4279426fbde644475646f6c7237fd3def88
151bedaeaa9971778782e102c5ed811ee6cb85848fdf7a9e280b24180014c840,6,e809c688d6cfc149c3f875a7089c3950a87db2bbc3c011967f6d1e7f513d3a3c,d3f1aed6bbcb695e71dbc90808d4b12ce18dfc3a3911aadf56ac6b42a7762e60
2a358a388a1339a29a8c5e22546753751fdd6d850e076849d832dfe21e3be695,6,e406919e37891a0445d7b95dc0fa5bd9c28a43c29b9c2f2b7b0c640112149824,aac00c4500e218058d898cb7da4f237b412a373f7ced1ca8c1985b9e57ad7e68
921e27a53a7ff576c9f355673a29720c5bc45352e1a1695ab2d4637fa584257c,6,96f85a151a06d0121a74baa78228802166bcddd7f95e3df3bcd2fc27d9dc5841,057c5fa1f9cf27891b6f8dafe49e72378bb0990b113af037c5cedc06614df484
b95fc4f01e5af553a4328763dcdddf1866289035fe6878c1721bf4cd9bab31a3,6,88add0fec7d286e8b666dd83f2af12f0ec1fdde8d860caf575e979dd7b87a864,ee01c973b074a0f84b741bc0df89e79f21a113df92f1b656da6bb9f940c1d55b
6c2340ef3552870372706dbb44ab5d8ab9545a2fd5664c49a6255d2e856bd7e8,6,3f27050087fa69c4db9b378730b78f237d378f9278f5f5d9dd362ea06333b46a,60c88745f91c35385c7b385dbef4e3dad24cc214bc9dd2060b122d9c86bdf390
4720897e4ccfb825e69153cb931f2b91fd5b2edfa869b4df24bdc9c7f174b9f6,6,fe8be9ba5ac5230bebd96fe9b889fc890f733873c067034e7e9a19e2148714b4,3883150c44283fcab741af403f222e2d927cac18258c1c7bd62948e9e20a868e
ec2f1d0e6f1ea78a36764b37d0f3900c59f6a58a59154bab808dd5940b957788,6,9e1af4e6d322f27018a8b9a9f5e205151287725887190f105c2f1d163e4e1a1c,229a4807a128a93078b6d6f1a73eb942840d6b3e50e6de76860065d02f265ff2
0f0c614962934aa5dbfa48e0c6c689f9dfa9dd9da09d64e76dbc48b52a1259e7,6,880153dc04e6938c2be4eac89fd5c1a4d480abe03f3ae58ad3be3342c0babe2e,2fc067a3153603d1519df87292704149fb5eef39989f1b8a45b49ac59b3e64cf
5d02556d19bc7d99ebea963f55709163fddf30283adb04b63b40e8137a36e0cd,6,b9b8c8c1602906e00bde6bb888d1f0d7c06c80432750f8fbe71e7431bff2684f,6f7321c193df1b86d013794df1c897fb7013b46d231526ac0ec3958af1b26725
6b3cab7818f4e5f344a96114015acba49da92545141c066ed23bb07be9354be8,6,d7b4762524ca1ee33ace2969908a3dab3038d1e302a93b99acdbd38a914e655b,b8544d9f3c23cdea263f2f750dda6bca7ee88fe502e206ae25e71d9f869d325c
e92b92c1c1d72162cb7cb0a24f3e10d85735fedf7ef3277182cc11918823fbda,6,081d81e529c8472fdcc4982d1842e93ab85871af35fac14a28899216dc3a743b,6f10b09356eae6c38521590396e9bec82f12cdf94c5705571719228b480c9ce6
a3e1b5b950831788db1af65feebde05a9513330abc0f7825a0d07460de96e3fb,6,9e2bfd9927fcde4545a5f411849923e533b6d1291829fab29657cc060a634e42,47aa1f42e3f23aea1093cf4c3d6e7c7148dd28e41c8124ed4589076bd7e74b16
508a4a1f81ae64b9e9000264e1c1283ecdf5ddfcaf7bc82f499b257733e1ce3f,6,1571d5e04e8bcd8558a18f8e80335bb4fd36cb9d2ce940f1d47dd9449affcb60,75608f0cba86c718fc6193c8b25d92509937c18e501e1a7bb28b761b4347ed4a
8c14ec594d2638120d8d08da61133dd6d93af465dcd9e6b38f2f99d25b1d18f8,6,f61d04eee27df35a0f1b0eec01e495aca0f5d9de5721fb073682f6a251f2ee89,747cee9d8b5fb7ca1c64463c182bfbc1ce5e9f28d0d3898657ca1bd0262e8321
c44b42b78fc5d064b6e9c188aba19894c830a0845ae6fc72b3bcf2173bf26c8a,6,3baca9cc6fe430e1d04ef1899dbda6b3e0babf295a25d2e18c6b4464168f1173,e60697035170229d53125f34ef9cd920ac946b735d65d345764f0b3101337bc7
45a8703c36a014bfc3236c091ba4b23ea21b7c394751aac75e69726ad2cd241b,6,e8da5370e5564d2cd37824ea4da5bfdf2b5ca967bd4c572788a0eb5fbcc3b6b1,9754336f1e8cfdab1533c84868eeb2c6e6e380a8d801b96cead6e439381deea2
adde202340cf892178336d22c8bf1fa72ab8c81d1202ba211821616a6ee7fad0,6,9c49c87b531f543923dfa29abbeadb4690ef3fa3607348896231385a0cfc9d1f,e642b0464c7d73e9ab4d91e9fa62140962df01bdf4284c587458f76104777e84
9c81243d64f9d81a387ff52f2221ddd5a8b1cb2fb604aeeae578a1276a61dd01,6,7fe98062669dfc177363b1e41b2bdfa11c29b1002b90d998b092e8c3c4bab626,a3caff6f19e117c200f1a6e46796424f14462d3b6f5b8bd50735667efd75bcbf
d8ea8be0a13711c8ce32f69a67473bb1200bf078bcd95c6a66921ce0d1e8adb1,6,c563081c8b0fcabf4dcca775686114dd2537a48d62a54c09dc216ad6082e439a,58fbd4f9b356904765101035b1fb0bc0859b7732095366f1bc20a41bb335c146
993406a94371ed8eb046309788146460188d4468c62b6c48522d47e845e2edbb,6,5ceb4a56564e458ba0e4883b8c066b5fe022d1760aaae1498709b175bc3acf7b,b9985c3b22a1e82d7f3bd4339691fbedad27149d697de4c21dc596d8fb01d65a
adfa4b839ef8a06cfa872b585bab4b5c3365f6cadc31c5c989c0fdc7be5cfe79,6,4def3a24e7a6e33cd32685d945f7e676eaf46ab5e55daa4189218c03b784bb0d,050d31d5cc8590a3993c5f47f357a5e615c5c05fcf8473eb301adaba70b9d24c
